File_Name,SN_Name
2017ctt_c.csv,2017ctt
2017cud_c.csv,2017cud
2017cug_c.csv,2017cug
2017cuh_c.csv,2017cuh
2017cxo_c.csv,2017cxo
2017dae_c.csv,2017dae
2017ddy_c.csv,2017ddy
2017ddz_c.csv,2017ddz
2017deu_c.csv,2017deu
2017dez_c.csv,2017dez
2017dfo_c.csv,2017dfo
2017dfq_c.csv,2017dfq
2017dft_c.csv,2017dft
2017dfu_c.csv,2017dfu
2017dgi_c.csv,2017dgi
2017dhh_c.csv,2017dhh
2017dhl_c.csv,2017dhl
2017dhm_c.csv,2017dhm
2017dhp_c.csv,2017dhp
2017dia_c.csv,2017dia
2017dib_c.csv,2017dib
2017dij_c.csv,2017dij
2017dik_c.csv,2017dik
2017dil_c.csv,2017dil
2017dip_c.csv,2017dip
2017dir_c.csv,2017dir
2017diy_c.csv,2017diy
2017djl_c.csv,2017djl
2017djm_c.csv,2017djm
2017djn_c.csv,2017djn
2017djt_c.csv,2017djt
2017dju_c.csv,2017dju
2017djz_c.csv,2017djz
2017dmc_c.csv,2017dmc
2017doq_c.csv,2017doq
2017dps_c.csv,2017dps
2017dws_c.csv,2017dws
2017eax_c.csv,2017eax
2017eaz_c.csv,2017eaz
2017ebp_c.csv,2017ebp
2017erp_c.csv,2017erp
2017esb_c.csv,2017esb
2017euz_c.csv,2017euz
2017evj_c.csv,2017evj
2017fut_c.csv,2017fut
2017gap_c.csv,2017gap
2017gcy_c.csv,2017gcy
2017gdg_c.csv,2017gdg
2017gdw_c.csv,2017gdw
2017gdx_c.csv,2017gdx
2017gea_c.csv,2017gea
2017gfd_c.csv,2017gfd
2017gfe_c.csv,2017gfe
2017gfg_c.csv,2017gfg
2017gfl_c.csv,2017gfl
2017gfm_c.csv,2017gfm
2017gfn_c.csv,2017gfn
2017gfy_c.csv,2017gfy
2017ggg_c.csv,2017ggg
2017ghl_c.csv,2017ghl
2017ghm_c.csv,2017ghm
2017gig_c.csv,2017gig
2017git_c.csv,2017git
2017gjd_c.csv,2017gjd
2017gjn_c.csv,2017gjn
2017gkt_c.csv,2017gkt
2017glu_c.csv,2017glu
2017goz_c.csv,2017goz
2017gqr_c.csv,2017gqr
2017grw_c.csv,2017grw
2017gsz_c.csv,2017gsz
2017gtc_c.csv,2017gtc
2017gtw_c.csv,2017gtw
2017guc_c.csv,2017guc
2017guh_c.csv,2017guh
2017guv_c.csv,2017guv
2017gvp_c.csv,2017gvp
2017gwy_c.csv,2017gwy
2017gxe_c.csv,2017gxe
2017haf_c.csv,2017haf
2017hbv_c.csv,2017hbv
2017hcx_c.csv,2017hcx
2017hcz_c.csv,2017hcz
2017hef_c.csv,2017hef
2017hgk_c.csv,2017hgk
2017hhi_c.csv,2017hhi
2017hju_c.csv,2017hju
2017hjy_c.csv,2017hjy
2017hkk_c.csv,2017hkk
2017hmz_c.csv,2017hmz
2017hol_c.csv,2017hol
2017hom_c.csv,2017hom
2017hoo_c.csv,2017hoo
2017hop_c.csv,2017hop
2017hou_c.csv,2017hou
2017hpk_c.csv,2017hpk
2017hpl_c.csv,2017hpl
2017hrk_c.csv,2017hrk
2017hya_c.csv,2017hya
2017hyx_c.csv,2017hyx
2017ifb_c.csv,2017ifb
2017igr_c.csv,2017igr
2017igy_c.csv,2017igy
2017ihg_c.csv,2017ihg
2017ihl_c.csv,2017ihl
2017ijk_c.csv,2017ijk
2017ijq_c.csv,2017ijq
2017ijr_c.csv,2017ijr
2017ijw_c.csv,2017ijw
2017ile_c.csv,2017ile
2017ilf_c.csv,2017ilf
2017ili_c.csv,2017ili
2017iln_c.csv,2017iln
2017imd_c.csv,2017imd
2017img_c.csv,2017img
2017imw_c.csv,2017imw
2017imx_c.csv,2017imx
2017inu_c.csv,2017inu
2017itp_c.csv,2017itp
2017itw_c.csv,2017itw
2017iui_c.csv,2017iui
2017ivs_c.csv,2017ivs
2017ivz_c.csv,2017ivz
2017iya_c.csv,2017iya
2017izu_c.csv,2017izu
2017jdy_c.csv,2017jdy
2017kz_c.csv,2017kz
